{
    "accuracy": 0.9637681159420289,
    "precision": 0.9636758543805021,
    "recall": 0.9637681159420289,
    "f1_score": 0.9633030571270059,
    "classification_report": {
        "0.0": {
            "precision": 0.964957264957265,
            "recall": 0.9877515310586177,
            "f1-score": 0.9762213575443147,
            "support": 1143.0
        },
        "1.0": {
            "precision": 0.9597701149425287,
            "recall": 0.8906666666666667,
            "f1-score": 0.9239280774550485,
            "support": 375.0
        },
        "accuracy": 0.9637681159420289,
        "macro avg": {
            "precision": 0.9623636899498968,
            "recall": 0.9392090988626423,
            "f1-score": 0.9500747174996815,
            "support": 1518.0
        },
        "weighted avg": {
            "precision": 0.9636758543805021,
            "recall": 0.9637681159420289,
            "f1-score": 0.9633030571270059,
            "support": 1518.0
        }
    }
}