{
    "accuracy": 0.9019762845849802,
    "precision": 0.9061880807729202,
    "recall": 0.9019762845849802,
    "f1_score": 0.9034120208466322,
    "classification_report": {
        "0": {
            "precision": 0.9492273730684326,
            "recall": 0.9168443496801706,
            "f1-score": 0.9327548806941431,
            "support": 938.0
        },
        "1": {
            "precision": 0.7827298050139275,
            "recall": 0.8593272171253823,
            "f1-score": 0.8192419825072886,
            "support": 327.0
        },
        "accuracy": 0.9019762845849802,
        "macro avg": {
            "precision": 0.8659785890411801,
            "recall": 0.8880857834027764,
            "f1-score": 0.8759984316007159,
            "support": 1265.0
        },
        "weighted avg": {
            "precision": 0.9061880807729202,
            "recall": 0.9019762845849802,
            "f1-score": 0.9034120208466322,
            "support": 1265.0
        }
    }
}